idPersonne,profilPersonne,nom,prenom,DatedeNaissance,sexe,adresse,email,motdepasse,AjouedansunFilm,AproduitunFilm
1,Producteur,Samuel,Adams,1996-05-10,M,"1873 Rue de 9zg",Adams.Samuel@gmail.com,AdamsSamuel246,Non,Oui
2,Utilisateur,Scott,Roberts,1974-05-10,M,"8984 Rue de zyU",Roberts.Scott@gmail.com,RobertsScott514,Non,Non
3,Acteur,Jonathan,Wright,1972-05-10,M,"7284 Rue de A9O",Wright.Jonathan@gmail.com,WrightJonathan290,Non,Non
4,Acteur,Kevin,Young,1948-05-10,M,"145 Rue de UQk",Young.Kevin@gmail.com,YoungKevin832,Oui,Non
5,Acteur,Gary,Wilson,1991-05-10,F,"3727 Rue de Exx",Wilson.Gary@gmail.com,WilsonGary746,Non,Non
6,Producteur,Steven,Taylor,1970-05-10,F,"5995 Rue de MsM",Taylor.Steven@gmail.com,TaylorSteven232,Non,Oui
7,Abonne,Andrew,Anderson,1945-05-10,M,"3367 Rue de sFM",Anderson.Andrew@gmail.com,AndersonAndrew566,Non,Non
8,Administrateur,Scott,Martin,1990-05-10,F,"1042 Rue de sk6",Martin.Scott@gmail.com,MartinScott195,Non,Non
9,Acteur,Anthony,Taylor,1981-05-10,M,"3329 Rue de 3CM",Taylor.Anthony@gmail.com,TaylorAnthony717,Oui,Non
10,Acteur,Gregory,Hernandez,1940-05-10,M,"3535 Rue de Omd",Hernandez.Gregory@gmail.com,HernandezGregory676,Oui,Non
11,Acteur,Timothy,White,1991-05-10,F,"9680 Rue de RM9",White.Timothy@gmail.com,WhiteTimothy114,Oui,Non
12,Administrateur,Steven,Campbell,1935-05-10,F,"245 Rue de Exy",Campbell.Steven@gmail.com,CampbellSteven850,Non,Non
13,Administrateur,Patrick,Anderson,1932-05-10,F,"7415 Rue de lR9",Anderson.Patrick@gmail.com,AndersonPatrick807,Non,Non
14,Acteur,Thomas,Mitchell,1927-05-10,M,"573 Rue de Pl5",Mitchell.Thomas@gmail.com,MitchellThomas43,Non,Non
15,Acteur,Justin,Green,1954-05-10,F,"5555 Rue de PPv",Green.Justin@gmail.com,GreenJustin727,Non,Non
16,Acteur,Stephen,Wilson,1954-05-10,F,"2840 Rue de DFg",Wilson.Stephen@gmail.com,WilsonStephen41,Oui,Non
17,Producteur,Brandon,Hernandez,1988-05-10,F,"1590 Rue de E9E",Hernandez.Brandon@gmail.com,HernandezBrandon463,Non,Non
18,Acteur,Donald,Perez,1986-05-10,M,"6844 Rue de 7TV",Perez.Donald@gmail.com,PerezDonald652,Non,Non
19,Acteur,Kevin,Miller,1970-05-10,F,"8974 Rue de 58g",Miller.Kevin@gmail.com,MillerKevin568,Oui,Non
20,Abonne,Donald,Nelson,1997-05-10,F,"6392 Rue de mh8",Nelson.Donald@gmail.com,NelsonDonald497,Non,Non
21,Administrateur,Alexander,Baker,1976-05-10,F,"5537 Rue de jil",Baker.Alexander@gmail.com,BakerAlexander533,Non,Non
22,Acteur,Tyler,Wilson,1941-05-10,M,"6776 Rue de sDF",Wilson.Tyler@gmail.com,WilsonTyler65,Oui,Non
23,Producteur,Joseph,Rivera,1931-05-10,F,"1164 Rue de MV6",Rivera.Joseph@gmail.com,RiveraJoseph432,Non,Oui
24,Abonne,Frank,Scott,1968-05-10,F,"2535 Rue de CFm",Scott.Frank@gmail.com,ScottFrank502,Non,Non
25,Acteur,Patrick,Campbell,2004-05-10,M,"1034 Rue de yNd",Campbell.Patrick@gmail.com,CampbellPatrick326,Non,Non
26,Producteur,Mark,Hill,1982-05-10,F,"351 Rue de m34",Hill.Mark@gmail.com,HillMark811,Non,Non
27,Administrateur,Edward,White,2003-05-10,M,"3349 Rue de X9K",White.Edward@gmail.com,WhiteEdward969,Non,Non
28,Acteur,Frank,Walker,1976-05-10,F,"5904 Rue de tXd",Walker.Frank@gmail.com,WalkerFrank888,Non,Non
29,Acteur,Edward,Nguyen,1997-05-10,M,"8043 Rue de tmb",Nguyen.Edward@gmail.com,NguyenEdward559,Non,Non
30,Abonne,David,Scott,1930-05-10,F,"6573 Rue de k1W",Scott.David@gmail.com,ScottDavid370,Non,Non
31,Acteur,Gary,Campbell,1936-05-10,M,"7130 Rue de vK6",Campbell.Gary@gmail.com,CampbellGary897,Oui,Non
32,Acteur,John,Sanchez,1955-05-10,M,"9006 Rue de yqj",Sanchez.John@gmail.com,SanchezJohn938,Oui,Non
33,Acteur,Tyler,Nelson,1965-05-10,F,"4964 Rue de NSQ",Nelson.Tyler@gmail.com,NelsonTyler281,Oui,Non
34,Producteur,Benjamin,White,1936-05-10,M,"3729 Rue de pi5",White.Benjamin@gmail.com,WhiteBenjamin256,Non,Oui
35,Abonne,Gregory,Wilson,1964-05-10,F,"5990 Rue de eLV",Wilson.Gregory@gmail.com,WilsonGregory50,Non,Non
36,Administrateur,William,Lewis,1929-05-10,F,"5906 Rue de pDL",Lewis.William@gmail.com,LewisWilliam582,Non,Non
37,Acteur,Alexander,Jackson,1988-05-10,M,"2109 Rue de G8t",Jackson.Alexander@gmail.com,JacksonAlexander643,Non,Non
38,Acteur,Edward,Robinson,1994-05-10,M,"6885 Rue de UQi",Robinson.Edward@gmail.com,RobinsonEdward680,Non,Non
39,Acteur,Scott,Hernandez,1983-05-10,M,"5024 Rue de r4T",Hernandez.Scott@gmail.com,HernandezScott915,Non,Non
40,Producteur,John,Carter,1958-05-10,F,"6827 Rue de tGR",Carter.John@gmail.com,CarterJohn887,Non,Non
41,Acteur,William,Wright,1940-05-10,F,"233 Rue de L8d",Wright.William@gmail.com,WrightWilliam381,Non,Non
42,Abonne,Charles,Lopez,1958-05-10,M,"1376 Rue de ggn",Lopez.Charles@gmail.com,LopezCharles799,Non,Non
43,Abonne,Steven,Taylor,1953-05-10,F,"571 Rue de BbV",Taylor.Steven@gmail.com,TaylorSteven810,Non,Non
44,Producteur,Anthony,Robinson,1952-05-10,M,"9658 Rue de Mor",Robinson.Anthony@gmail.com,RobinsonAnthony706,Non,Oui
45,Producteur,George,Rivera,1991-05-10,F,"4067 Rue de N6Y",Rivera.George@gmail.com,RiveraGeorge259,Non,Non
46,Acteur,David,Adams,1987-05-10,M,"6842 Rue de kZN",Adams.David@gmail.com,AdamsDavid658,Non,Non
47,Producteur,Stephen,Gonzalez,1934-05-10,F,"507 Rue de xUM",Gonzalez.Stephen@gmail.com,GonzalezStephen832,Non,Non
48,Acteur,Raymond,Baker,1942-05-10,F,"925 Rue de 7GU",Baker.Raymond@gmail.com,BakerRaymond148,Oui,Non
49,Producteur,Dennis,Baker,1964-05-10,M,"5789 Rue de mqR",Baker.Dennis@gmail.com,BakerDennis701,Non,Oui
50,Administrateur,Gregory,Taylor,1968-05-10,M,"4831 Rue de 10Q",Taylor.Gregory@gmail.com,TaylorGregory835,Non,Non
51,Acteur,Raymond,Brown,1931-05-10,M,"7905 Rue de 8EI",Brown.Raymond@gmail.com,BrownRaymond320,Non,Non
52,Producteur,Larry,Scott,1995-05-10,M,"5501 Rue de kjs",Scott.Larry@gmail.com,ScottLarry54,Non,Oui
53,Producteur,Joseph,Campbell,1946-05-10,F,"9584 Rue de 0xu",Campbell.Joseph@gmail.com,CampbellJoseph524,Non,Non
54,Producteur,Paul,Miller,2005-05-10,F,"9134 Rue de WjA",Miller.Paul@gmail.com,MillerPaul648,Non,Non
55,Administrateur,Richard,Nelson,1982-05-10,F,"1690 Rue de 9Dx",Nelson.Richard@gmail.com,NelsonRichard456,Non,Non
56,Acteur,Thomas,Perez,1963-05-10,M,"1888 Rue de 0Q0",Perez.Thomas@gmail.com,PerezThomas232,Non,Non
57,Administrateur,William,Harris,1929-05-10,M,"6748 Rue de bhI",Harris.William@gmail.com,HarrisWilliam368,Non,Non
58,Producteur,Jack,Nguyen,1992-05-10,M,"1069 Rue de Hzy",Nguyen.Jack@gmail.com,NguyenJack754,Non,Oui
59,Producteur,Joseph,Jackson,2000-05-10,M,"502 Rue de emY",Jackson.Joseph@gmail.com,JacksonJoseph461,Non,Oui
60,Producteur,John,King,1977-05-10,F,"5780 Rue de eOd",King.John@gmail.com,KingJohn276,Non,Non
61,Acteur,Michael,Lopez,2004-05-10,M,"9824 Rue de 1vi",Lopez.Michael@gmail.com,LopezMichael635,Oui,Non
62,Producteur,George,Allen,1959-05-10,F,"81 Rue de VVK",Allen.George@gmail.com,AllenGeorge592,Non,Oui
63,Producteur,Jonathan,Torres,1937-05-10,F,"6581 Rue de uPv",Torres.Jonathan@gmail.com,TorresJonathan710,Non,Oui
64,Acteur,Eric,Thomas,2001-05-10,F,"7294 Rue de 3rU",Thomas.Eric@gmail.com,ThomasEric907,Oui,Non
65,Producteur,Tyler,Sanchez,1960-05-10,F,"1034 Rue de mQ1",Sanchez.Tyler@gmail.com,SanchezTyler213,Non,Non
66,Producteur,David,Flores,1974-05-10,F,"5840 Rue de pER",Flores.David@gmail.com,FloresDavid8,Non,Oui
67,Acteur,Jeffrey,Taylor,1946-05-10,M,"7360 Rue de PkZ",Taylor.Jeffrey@gmail.com,TaylorJeffrey606,Oui,Non
68,Acteur,Brian,Perez,1984-05-10,F,"3257 Rue de TRt",Perez.Brian@gmail.com,PerezBrian437,Non,Non
69,Acteur,John,Torres,1969-05-10,M,"8024 Rue de r9j",Torres.John@gmail.com,TorresJohn741,Oui,Non
70,Producteur,Stephen,Hill,1997-05-10,M,"1032 Rue de oZF",Hill.Stephen@gmail.com,HillStephen996,Non,Non
71,Acteur,Donald,Garcia,1979-05-10,M,"3080 Rue de TVL",Garcia.Donald@gmail.com,GarciaDonald724,Non,Non
72,Administrateur,George,Rivera,1929-05-10,M,"8031 Rue de 9IW",Rivera.George@gmail.com,RiveraGeorge283,Non,Non
73,Acteur,John,Miller,1952-05-10,F,"3630 Rue de VTx",Miller.John@gmail.com,MillerJohn719,Non,Non
74,Abonne,Andrew,Miller,1940-05-10,M,"8 Rue de FHl",Miller.Andrew@gmail.com,MillerAndrew272,Non,Non
75,Administrateur,Kevin,Nguyen,1967-05-10,M,"5997 Rue de w91",Nguyen.Kevin@gmail.com,NguyenKevin340,Non,Non
76,Producteur,Robert,Allen,1939-05-10,M,"2936 Rue de xb9",Allen.Robert@gmail.com,AllenRobert877,Non,Oui
77,Producteur,Charles,Lee,1937-05-10,M,"3450 Rue de iQa",Lee.Charles@gmail.com,LeeCharles960,Non,Oui
78,Administrateur,Richard,Davis,1953-05-10,M,"1769 Rue de lxv",Davis.Richard@gmail.com,DavisRichard627,Non,Non
79,Producteur,Justin,Taylor,1952-05-10,F,"2663 Rue de U8N",Taylor.Justin@gmail.com,TaylorJustin239,Non,Non
80,Acteur,Nicholas,Davis,1927-05-10,F,"4810 Rue de tk2",Davis.Nicholas@gmail.com,DavisNicholas852,Non,Non
81,Administrateur,Donald,Martin,1939-05-10,F,"3796 Rue de 6Mo",Martin.Donald@gmail.com,MartinDonald344,Non,Non
82,Acteur,James,Anderson,2002-05-10,F,"9861 Rue de BnY",Anderson.James@gmail.com,AndersonJames411,Oui,Non
83,Acteur,Thomas,Hill,1982-05-10,F,"8830 Rue de id0",Hill.Thomas@gmail.com,HillThomas64,Non,Non
84,Abonne,Joshua,Torres,2001-05-10,F,"2506 Rue de Ji6",Torres.Joshua@gmail.com,TorresJoshua282,Non,Non
85,Abonne,Jack,Martinez,1964-05-10,M,"1480 Rue de seA",Martinez.Jack@gmail.com,MartinezJack940,Non,Non
86,Producteur,Alexander,Mitchell,2000-05-10,F,"4262 Rue de Gue",Mitchell.Alexander@gmail.com,MitchellAlexander409,Non,Oui
87,Abonne,Ronald,Hernandez,1965-05-10,M,"2063 Rue de KsV",Hernandez.Ronald@gmail.com,HernandezRonald917,Non,Non
88,Abonne,Brandon,King,1980-05-10,M,"8628 Rue de myy",King.Brandon@gmail.com,KingBrandon782,Non,Non
89,Acteur,Andrew,Martin,2006-05-10,F,"4601 Rue de nTb",Martin.Andrew@gmail.com,MartinAndrew903,Non,Non
90,Acteur,Raymond,Thompson,1979-05-10,F,"4698 Rue de p0D",Thompson.Raymond@gmail.com,ThompsonRaymond850,Non,Non
91,Producteur,Frank,Green,1966-05-10,F,"6806 Rue de 2vf",Green.Frank@gmail.com,GreenFrank388,Non,Non
92,Acteur,Justin,Baker,1965-05-10,F,"2834 Rue de gPb",Baker.Justin@gmail.com,BakerJustin142,Non,Non
93,Acteur,Mark,Perez,1974-05-10,F,"6897 Rue de gCa",Perez.Mark@gmail.com,PerezMark668,Oui,Non
94,Acteur,Ronald,Jones,1955-05-10,F,"5707 Rue de kgb",Jones.Ronald@gmail.com,JonesRonald806,Oui,Non
95,Acteur,Samuel,Wright,1994-05-10,F,"8783 Rue de ytA",Wright.Samuel@gmail.com,WrightSamuel199,Oui,Non
96,Abonne,Joshua,Moore,1983-05-10,M,"7736 Rue de Dd3",Moore.Joshua@gmail.com,MooreJoshua251,Non,Non
97,Acteur,Timothy,Garcia,1993-05-10,M,"487 Rue de tzg",Garcia.Timothy@gmail.com,GarciaTimothy324,Oui,Non
98,Administrateur,Justin,Scott,1986-05-10,F,"9891 Rue de fFq",Scott.Justin@gmail.com,ScottJustin787,Non,Non
99,Producteur,Andrew,Anderson,2003-05-10,M,"2012 Rue de XxG",Anderson.Andrew@gmail.com,AndersonAndrew468,Non,Oui
100,Administrateur,Larry,Lopez,1950-05-10,F,"7054 Rue de ZbO",Lopez.Larry@gmail.com,LopezLarry216,Non,Non
101,Abonne,Eric,Lewis,1998-05-10,M,"8104 Rue de 8EE",Lewis.Eric@gmail.com,LewisEric971,Non,Non
102,Acteur,William,Perez,1989-05-10,M,"3563 Rue de kYI",Perez.William@gmail.com,PerezWilliam315,Oui,Non
103,Acteur,Tyler,Allen,2002-05-10,M,"1161 Rue de YSj",Allen.Tyler@gmail.com,AllenTyler628,Oui,Non
104,Producteur,Patrick,Harris,1987-05-10,F,"145 Rue de Aef",Harris.Patrick@gmail.com,HarrisPatrick213,Non,Oui
105,Acteur,Scott,Harris,1970-05-10,M,"77 Rue de YcU",Harris.Scott@gmail.com,HarrisScott617,Oui,Non
106,Administrateur,Daniel,Jackson,1994-05-10,F,"6332 Rue de RL4",Jackson.Daniel@gmail.com,JacksonDaniel765,Non,Non
107,Producteur,Daniel,Brown,1927-05-10,F,"288 Rue de uLa",Brown.Daniel@gmail.com,BrownDaniel248,Non,Oui
108,Abonne,Daniel,Flores,1960-05-10,F,"3940 Rue de EqZ",Flores.Daniel@gmail.com,FloresDaniel403,Non,Non
109,Abonne,Gary,Ramirez,2004-05-10,M,"1121 Rue de B3h",Ramirez.Gary@gmail.com,RamirezGary954,Non,Non
110,Producteur,Mark,Flores,1932-05-10,M,"3219 Rue de 6V7",Flores.Mark@gmail.com,FloresMark553,Non,Non
111,Acteur,Anthony,Taylor,1954-05-10,M,"9091 Rue de zwK",Taylor.Anthony@gmail.com,TaylorAnthony803,Oui,Non
112,Acteur,Michael,Carter,1994-05-10,M,"3968 Rue de Cgj",Carter.Michael@gmail.com,CarterMichael476,Oui,Non
113,Acteur,David,Hill,1987-05-10,F,"1322 Rue de vsD",Hill.David@gmail.com,HillDavid479,Non,Non
114,Abonne,Tyler,Nguyen,1967-05-10,M,"578 Rue de xRx",Nguyen.Tyler@gmail.com,NguyenTyler766,Non,Non
115,Administrateur,Anthony,King,1971-05-10,F,"1935 Rue de BO3",King.Anthony@gmail.com,KingAnthony551,Non,Non
116,Administrateur,Edward,Campbell,1987-05-10,M,"8574 Rue de 6hY",Campbell.Edward@gmail.com,CampbellEdward699,Non,Non
117,Acteur,Jerry,Flores,1983-05-10,F,"4937 Rue de ZR8",Flores.Jerry@gmail.com,FloresJerry755,Oui,Non
118,Administrateur,Paul,Wright,1952-05-10,F,"7932 Rue de P80",Wright.Paul@gmail.com,WrightPaul341,Non,Non
119,Administrateur,Eric,Carter,1937-05-10,M,"8626 Rue de BMX",Carter.Eric@gmail.com,CarterEric94,Non,Non
120,Acteur,Timothy,Hill,1994-05-10,F,"2063 Rue de nDS",Hill.Timothy@gmail.com,HillTimothy183,Oui,Non
121,Producteur,Raymond,Nelson,1946-05-10,M,"1687 Rue de xxU",Nelson.Raymond@gmail.com,NelsonRaymond636,Non,Non
122,Acteur,Robert,Garcia,1966-05-10,F,"444 Rue de eqg",Garcia.Robert@gmail.com,GarciaRobert730,Non,Non
123,Acteur,Dennis,King,1964-05-10,M,"8095 Rue de mMC",King.Dennis@gmail.com,KingDennis454,Non,Non
124,Producteur,Scott,Taylor,1962-05-10,M,"2436 Rue de PMe",Taylor.Scott@gmail.com,TaylorScott525,Non,Non
125,Acteur,James,Anderson,1978-05-10,F,"5212 Rue de 0OU",Anderson.James@gmail.com,AndersonJames810,Non,Non
126,Administrateur,Scott,Roberts,1996-05-10,F,"3064 Rue de tMj",Roberts.Scott@gmail.com,RobertsScott922,Non,Non
127,Acteur,Michael,Smith,1935-05-10,M,"1309 Rue de kE6",Smith.Michael@gmail.com,SmithMichael212,Oui,Non
128,Producteur,Andrew,Martin,1928-05-10,M,"539 Rue de qlg",Martin.Andrew@gmail.com,MartinAndrew999,Non,Non
129,Abonne,Timothy,Hall,1999-05-10,F,"992 Rue de 1bE",Hall.Timothy@gmail.com,HallTimothy414,Non,Non
130,Acteur,Kevin,Perez,1984-05-10,F,"5166 Rue de IpI",Perez.Kevin@gmail.com,PerezKevin57,Oui,Non
131,Acteur,Tyler,Sanchez,1931-05-10,F,"7496 Rue de KSX",Sanchez.Tyler@gmail.com,SanchezTyler824,Oui,Non
132,Producteur,Jonathan,Carter,2006-05-10,M,"148 Rue de CnU",Carter.Jonathan@gmail.com,CarterJonathan103,Non,Non
133,Acteur,Timothy,Taylor,1957-05-10,F,"3427 Rue de m8s",Taylor.Timothy@gmail.com,TaylorTimothy577,Oui,Non
134,Producteur,Donald,Davis,1945-05-10,F,"6608 Rue de GLF",Davis.Donald@gmail.com,DavisDonald697,Non,Non
135,Acteur,Scott,Wright,1945-05-10,M,"5481 Rue de oEV",Wright.Scott@gmail.com,WrightScott332,Non,Non
136,Administrateur,Jerry,Jones,1929-05-10,F,"8252 Rue de E8y",Jones.Jerry@gmail.com,JonesJerry37,Non,Non
137,Abonne,Gregory,Hill,1984-05-10,F,"2223 Rue de POr",Hill.Gregory@gmail.com,HillGregory445,Non,Non
138,Abonne,Samuel,White,1971-05-10,M,"9887 Rue de iTq",White.Samuel@gmail.com,WhiteSamuel98,Non,Non
139,Abonne,Andrew,Miller,1932-05-10,M,"7557 Rue de B6x",Miller.Andrew@gmail.com,MillerAndrew70,Non,Non
140,Acteur,Robert,Lopez,1973-05-10,M,"9968 Rue de Nnj",Lopez.Robert@gmail.com,LopezRobert146,Oui,Non
141,Administrateur,Richard,Scott,1949-05-10,F,"5010 Rue de Seo",Scott.Richard@gmail.com,ScottRichard946,Non,Non
142,Administrateur,Jerry,Young,1987-05-10,M,"5736 Rue de QPu",Young.Jerry@gmail.com,YoungJerry626,Non,Non
143,Acteur,Alexander,Brown,1929-05-10,F,"2358 Rue de rSS",Brown.Alexander@gmail.com,BrownAlexander474,Non,Non
144,Acteur,Jerry,Flores,1973-05-10,M,"6980 Rue de 5H4",Flores.Jerry@gmail.com,FloresJerry944,Oui,Non
145,Administrateur,Gary,Clark,1950-05-10,F,"7643 Rue de 2ia",Clark.Gary@gmail.com,ClarkGary615,Non,Non
146,Abonne,Joseph,Thompson,1962-05-10,F,"1212 Rue de 5rK",Thompson.Joseph@gmail.com,ThompsonJoseph140,Non,Non
147,Acteur,Ryan,Davis,1986-05-10,M,"2851 Rue de yiC",Davis.Ryan@gmail.com,DavisRyan938,Non,Non
148,Producteur,Ronald,Clark,1972-05-10,M,"8523 Rue de kr6",Clark.Ronald@gmail.com,ClarkRonald838,Non,Oui
149,Administrateur,Frank,Taylor,1981-05-10,M,"5298 Rue de knL",Taylor.Frank@gmail.com,TaylorFrank361,Non,Non
150,Acteur,Stephen,Robinson,1971-05-10,M,"186 Rue de 2t8",Robinson.Stephen@gmail.com,RobinsonStephen933,Non,Non
151,Producteur,Ryan,Allen,1997-05-10,M,"6127 Rue de EMN",Allen.Ryan@gmail.com,AllenRyan312,Non,Oui
152,Abonne,Michael,Hall,2003-05-10,F,"3980 Rue de DnO",Hall.Michael@gmail.com,HallMichael638,Non,Non
153,Acteur,Jonathan,Flores,1930-05-10,F,"3993 Rue de B9Q",Flores.Jonathan@gmail.com,FloresJonathan400,Non,Non
154,Administrateur,Kenneth,Nelson,1956-05-10,M,"4037 Rue de N86",Nelson.Kenneth@gmail.com,NelsonKenneth775,Non,Non
155,Acteur,Thomas,Smith,1964-05-10,M,"6127 Rue de 62J",Smith.Thomas@gmail.com,SmithThomas198,Oui,Non
156,Acteur,Edward,Sanchez,1939-05-10,M,"5552 Rue de G6k",Sanchez.Edward@gmail.com,SanchezEdward982,Non,Non
157,Acteur,Timothy,Robinson,1989-05-10,F,"9575 Rue de Mos",Robinson.Timothy@gmail.com,RobinsonTimothy828,Non,Non
158,Acteur,David,Carter,1930-05-10,M,"4026 Rue de OfA",Carter.David@gmail.com,CarterDavid927,Non,Non
159,Producteur,James,White,1986-05-10,F,"9499 Rue de FRa",White.James@gmail.com,WhiteJames928,Non,Non
160,Acteur,Donald,Flores,1975-05-10,M,"5175 Rue de joT",Flores.Donald@gmail.com,FloresDonald936,Oui,Non
161,Acteur,Timothy,Garcia,1939-05-10,M,"310 Rue de Y6t",Garcia.Timothy@gmail.com,GarciaTimothy754,Oui,Non
162,Administrateur,Robert,Taylor,1963-05-10,M,"8986 Rue de khi",Taylor.Robert@gmail.com,TaylorRobert306,Non,Non
163,Abonne,Paul,Hill,1950-05-10,M,"1842 Rue de TiD",Hill.Paul@gmail.com,HillPaul978,Non,Non
164,Producteur,Michael,Martin,1995-05-10,F,"3080 Rue de sJ7",Martin.Michael@gmail.com,MartinMichael99,Non,Oui
165,Acteur,Frank,Lee,2006-05-10,M,"1576 Rue de D2a",Lee.Frank@gmail.com,LeeFrank398,Oui,Non
166,Acteur,Jeffrey,White,1932-05-10,M,"395 Rue de RvP",White.Jeffrey@gmail.com,WhiteJeffrey297,Non,Non
167,Producteur,Joseph,Hill,1929-05-10,M,"6588 Rue de vW1",Hill.Joseph@gmail.com,HillJoseph989,Non,Non
168,Acteur,Jason,Hernandez,1963-05-10,F,"2877 Rue de EJx",Hernandez.Jason@gmail.com,HernandezJason176,Oui,Non
169,Acteur,Daniel,Nelson,1971-05-10,M,"577 Rue de 1h9",Nelson.Daniel@gmail.com,NelsonDaniel646,Oui,Non
170,Acteur,Jerry,Torres,1971-05-10,F,"2610 Rue de U9R",Torres.Jerry@gmail.com,TorresJerry547,Non,Non
171,Producteur,Kevin,Allen,1948-05-10,F,"187 Rue de kXD",Allen.Kevin@gmail.com,AllenKevin982,Non,Oui
172,Administrateur,Paul,Mitchell,1967-05-10,M,"9825 Rue de bn8",Mitchell.Paul@gmail.com,MitchellPaul219,Non,Non
173,Producteur,John,Martinez,1952-05-10,F,"8072 Rue de umb",Martinez.John@gmail.com,MartinezJohn516,Non,Oui
174,Acteur,Stephen,Mitchell,1936-05-10,F,"8927 Rue de 6eE",Mitchell.Stephen@gmail.com,MitchellStephen224,Non,Non
175,Producteur,Richard,Campbell,1971-05-10,M,"4804 Rue de thO",Campbell.Richard@gmail.com,CampbellRichard941,Non,Oui
176,Acteur,Jeffrey,King,1945-05-10,M,"7837 Rue de 18q",King.Jeffrey@gmail.com,KingJeffrey444,Oui,Non
177,Acteur,Donald,Adams,1970-05-10,F,"2180 Rue de 5bt",Adams.Donald@gmail.com,AdamsDonald486,Oui,Non
178,Abonne,Jerry,Ramirez,2002-05-10,M,"68 Rue de 5Lq",Ramirez.Jerry@gmail.com,RamirezJerry501,Non,Non
179,Acteur,Jason,Hall,1970-05-10,F,"6439 Rue de ziA",Hall.Jason@gmail.com,HallJason739,Oui,Non
180,Acteur,Tyler,Young,1947-05-10,F,"4465 Rue de aTN",Young.Tyler@gmail.com,YoungTyler972,Oui,Non
181,Abonne,Paul,Perez,1999-05-10,F,"6762 Rue de aci",Perez.Paul@gmail.com,PerezPaul564,Non,Non
182,Producteur,Thomas,Perez,1999-05-10,F,"2398 Rue de EUq",Perez.Thomas@gmail.com,PerezThomas52,Non,Oui
183,Acteur,Jacob,Mitchell,1998-05-10,M,"5778 Rue de vbf",Mitchell.Jacob@gmail.com,MitchellJacob360,Non,Non
184,Administrateur,Gregory,Anderson,1982-05-10,F,"2413 Rue de S2o",Anderson.Gregory@gmail.com,AndersonGregory553,Non,Non
185,Acteur,Matthew,Davis,1957-05-10,F,"961 Rue de Rna",Davis.Matthew@gmail.com,DavisMatthew393,Oui,Non
186,Acteur,Dennis,Nelson,1973-05-10,M,"8507 Rue de Kxg",Nelson.Dennis@gmail.com,NelsonDennis402,Non,Non
187,Abonne,Paul,Jackson,1958-05-10,F,"2090 Rue de NHW",Jackson.Paul@gmail.com,JacksonPaul326,Non,Non
188,Producteur,Justin,Green,1988-05-10,M,"6954 Rue de ciI",Green.Justin@gmail.com,GreenJustin396,Non,Non
189,Administrateur,Thomas,Miller,1976-05-10,M,"7808 Rue de UzZ",Miller.Thomas@gmail.com,MillerThomas926,Non,Non
190,Administrateur,Larry,Miller,1996-05-10,F,"4016 Rue de TCf",Miller.Larry@gmail.com,MillerLarry50,Non,Non
191,Acteur,Kenneth,Flores,1949-05-10,M,"9450 Rue de OBo",Flores.Kenneth@gmail.com,FloresKenneth850,Non,Non
192,Abonne,Alexander,Davis,1987-05-10,F,"7218 Rue de HHe",Davis.Alexander@gmail.com,DavisAlexander734,Non,Non
193,Abonne,Patrick,Garcia,1964-05-10,F,"3928 Rue de lTg",Garcia.Patrick@gmail.com,GarciaPatrick362,Non,Non
194,Abonne,Justin,Wright,2003-05-10,F,"2950 Rue de zmW",Wright.Justin@gmail.com,WrightJustin255,Non,Non
195,Administrateur,Scott,Allen,1969-05-10,M,"3179 Rue de IYA",Allen.Scott@gmail.com,AllenScott655,Non,Non
196,Acteur,Eric,Miller,1959-05-10,F,"4211 Rue de KQQ",Miller.Eric@gmail.com,MillerEric355,Non,Non
197,Acteur,Thomas,Moore,1995-05-10,F,"402 Rue de FCU",Moore.Thomas@gmail.com,MooreThomas366,Oui,Non
198,Acteur,Brandon,Martin,2001-05-10,M,"2735 Rue de eGA",Martin.Brandon@gmail.com,MartinBrandon551,Non,Non
199,Acteur,Daniel,King,1952-05-10,M,"3155 Rue de V08",King.Daniel@gmail.com,KingDaniel311,Oui,Non
200,Abonne,Joshua,Baker,1927-05-10,F,"4392 Rue de ICL",Baker.Joshua@gmail.com,BakerJoshua653,Non,Non
201,Producteur,Eric,Hall,1978-05-10,M,"9359 Rue de DJz",Hall.Eric@gmail.com,HallEric343,Non,Non
202,Producteur,Michael,Robinson,1928-05-10,M,"1238 Rue de yJP",Robinson.Michael@gmail.com,RobinsonMichael665,Non,Non
203,Abonne,Jeffrey,Taylor,1962-05-10,M,"7512 Rue de ttL",Taylor.Jeffrey@gmail.com,TaylorJeffrey108,Non,Non
204,Acteur,Brian,Scott,1968-05-10,M,"676 Rue de b4G",Scott.Brian@gmail.com,ScottBrian856,Oui,Non
205,Producteur,Jeffrey,Jones,1946-05-10,M,"9531 Rue de cvN",Jones.Jeffrey@gmail.com,JonesJeffrey113,Non,Oui
206,Acteur,Benjamin,Wilson,1999-05-10,F,"1733 Rue de lBM",Wilson.Benjamin@gmail.com,WilsonBenjamin769,Non,Non
207,Acteur,John,Carter,1964-05-10,M,"6887 Rue de fvE",Carter.John@gmail.com,CarterJohn421,Non,Non
208,Acteur,Charles,Lopez,1949-05-10,M,"6556 Rue de l9y",Lopez.Charles@gmail.com,LopezCharles967,Non,Non
209,Administrateur,Larry,Young,1973-05-10,M,"5281 Rue de JqO",Young.Larry@gmail.com,YoungLarry416,Non,Non
210,Abonne,Daniel,Rodriguez,1932-05-10,F,"9846 Rue de psU",Rodriguez.Daniel@gmail.com,RodriguezDaniel837,Non,Non
211,Administrateur,James,Clark,1970-05-10,M,"2801 Rue de aoh",Clark.James@gmail.com,ClarkJames879,Non,Non
212,Administrateur,John,Nelson,1950-05-10,F,"5783 Rue de QPq",Nelson.John@gmail.com,NelsonJohn367,Non,Non
213,Abonne,Edward,Smith,1977-05-10,F,"7559 Rue de da3",Smith.Edward@gmail.com,SmithEdward445,Non,Non
214,Administrateur,Ronald,Martinez,1954-05-10,F,"2594 Rue de wa7",Martinez.Ronald@gmail.com,MartinezRonald798,Non,Non
215,Producteur,Matthew,Jackson,1936-05-10,M,"6373 Rue de Ao1",Jackson.Matthew@gmail.com,JacksonMatthew614,Non,Non
216,Administrateur,Joshua,Johnson,1985-05-10,F,"1594 Rue de aL7",Johnson.Joshua@gmail.com,JohnsonJoshua981,Non,Non
217,Administrateur,Anthony,Nelson,1994-05-10,F,"4396 Rue de 07m",Nelson.Anthony@gmail.com,NelsonAnthony128,Non,Non
218,Abonne,Jerry,Roberts,1934-05-10,M,"1480 Rue de LMo",Roberts.Jerry@gmail.com,RobertsJerry340,Non,Non
219,Producteur,Ryan,Campbell,1950-05-10,F,"5328 Rue de eWO",Campbell.Ryan@gmail.com,CampbellRyan971,Non,Oui
220,Acteur,Mark,White,1957-05-10,F,"9860 Rue de oms",White.Mark@gmail.com,WhiteMark870,Non,Non
221,Producteur,Charles,Robinson,1989-05-10,F,"5840 Rue de 8fI",Robinson.Charles@gmail.com,RobinsonCharles499,Non,Oui
222,Acteur,David,Garcia,1982-05-10,F,"3216 Rue de ewL",Garcia.David@gmail.com,GarciaDavid953,Oui,Non
223,Producteur,Anthony,Young,1959-05-10,M,"848 Rue de 4rQ",Young.Anthony@gmail.com,YoungAnthony605,Non,Oui
224,Administrateur,David,Lewis,1986-05-10,M,"941 Rue de vCq",Lewis.David@gmail.com,LewisDavid976,Non,Non
225,Acteur,Brandon,Nguyen,2000-05-10,M,"4540 Rue de p3S",Nguyen.Brandon@gmail.com,NguyenBrandon889,Oui,Non
226,Administrateur,Larry,Campbell,1968-05-10,M,"182 Rue de ndN",Campbell.Larry@gmail.com,CampbellLarry987,Non,Non
227,Acteur,Samuel,Ramirez,1995-05-10,M,"6559 Rue de Mj4",Ramirez.Samuel@gmail.com,RamirezSamuel115,Oui,Non
228,Administrateur,Samuel,Garcia,1942-05-10,M,"6673 Rue de fA3",Garcia.Samuel@gmail.com,GarciaSamuel168,Non,Non
229,Acteur,Alexander,Mitchell,1951-05-10,M,"2547 Rue de 2NI",Mitchell.Alexander@gmail.com,MitchellAlexander839,Oui,Non
230,Producteur,Alexander,Jones,1997-05-10,M,"400 Rue de 7Oz",Jones.Alexander@gmail.com,JonesAlexander118,Non,Oui
231,Abonne,Jacob,Harris,1947-05-10,F,"1438 Rue de fc7",Harris.Jacob@gmail.com,HarrisJacob620,Non,Non
232,Abonne,Frank,Lee,1979-05-10,M,"8465 Rue de hcZ",Lee.Frank@gmail.com,LeeFrank78,Non,Non
233,Acteur,Andrew,Lopez,1952-05-10,F,"8995 Rue de Haz",Lopez.Andrew@gmail.com,LopezAndrew35,Oui,Non
234,Administrateur,Kenneth,Flores,1930-05-10,M,"6130 Rue de lf2",Flores.Kenneth@gmail.com,FloresKenneth156,Non,Non
235,Administrateur,Paul,King,1935-05-10,F,"9382 Rue de 4Ua",King.Paul@gmail.com,KingPaul820,Non,Non
236,Acteur,Edward,Clark,1940-05-10,F,"2498 Rue de ztt",Clark.Edward@gmail.com,ClarkEdward642,Oui,Non
237,Producteur,Justin,Green,1943-05-10,M,"9957 Rue de HTb",Green.Justin@gmail.com,GreenJustin895,Non,Oui
238,Producteur,Patrick,Lewis,1940-05-10,M,"2127 Rue de bFD",Lewis.Patrick@gmail.com,LewisPatrick822,Non,Non
239,Producteur,Ronald,Wilson,1980-05-10,F,"817 Rue de 7I4",Wilson.Ronald@gmail.com,WilsonRonald858,Non,Non
240,Acteur,Jack,Hernandez,1989-05-10,M,"8345 Rue de r3M",Hernandez.Jack@gmail.com,HernandezJack414,Oui,Non
241,Abonne,Brian,Lee,2000-05-10,M,"5158 Rue de ihn",Lee.Brian@gmail.com,LeeBrian711,Non,Non
242,Producteur,Tyler,Wright,1939-05-10,M,"7656 Rue de O6W",Wright.Tyler@gmail.com,WrightTyler40,Non,Oui
243,Acteur,Tyler,Gonzalez,1949-05-10,F,"5955 Rue de u2y",Gonzalez.Tyler@gmail.com,GonzalezTyler368,Non,Non
244,Abonne,Ryan,Torres,1946-05-10,M,"2375 Rue de qOA",Torres.Ryan@gmail.com,TorresRyan205,Non,Non
245,Producteur,David,Rivera,1968-05-10,M,"1261 Rue de Qab",Rivera.David@gmail.com,RiveraDavid51,Non,Non
246,Acteur,Jerry,Thomas,1933-05-10,M,"3965 Rue de rpy",Thomas.Jerry@gmail.com,ThomasJerry222,Oui,Non
247,Acteur,James,Walker,1946-05-10,F,"6733 Rue de Lbr",Walker.James@gmail.com,WalkerJames355,Oui,Non
248,Administrateur,George,Campbell,1993-05-10,M,"2129 Rue de NFP",Campbell.George@gmail.com,CampbellGeorge831,Non,Non
249,Acteur,Nicholas,Williams,1941-05-10,M,"9930 Rue de EEa",Williams.Nicholas@gmail.com,WilliamsNicholas545,Non,Non
250,Acteur,Jeffrey,Hall,1993-05-10,F,"7123 Rue de b93",Hall.Jeffrey@gmail.com,HallJeffrey500,Non,Non
251,Administrateur,Nicholas,Martin,1971-05-10,M,"1608 Rue de FcS",Martin.Nicholas@gmail.com,MartinNicholas472,Non,Non
252,Acteur,Robert,Martinez,1964-05-10,F,"6833 Rue de Cp1",Martinez.Robert@gmail.com,MartinezRobert561,Oui,Non
253,Abonne,Patrick,Roberts,1972-05-10,F,"8599 Rue de zB9",Roberts.Patrick@gmail.com,RobertsPatrick671,Non,Non
254,Producteur,William,Martinez,1945-05-10,M,"7706 Rue de LRP",Martinez.William@gmail.com,MartinezWilliam249,Non,Non
255,Producteur,John,Young,1954-05-10,F,"8642 Rue de MDG",Young.John@gmail.com,YoungJohn237,Non,Oui
256,Acteur,Kenneth,Nguyen,1981-05-10,F,"9982 Rue de MeG",Nguyen.Kenneth@gmail.com,NguyenKenneth424,Non,Non
257,Administrateur,Anthony,Ramirez,1935-05-10,F,"8487 Rue de GfZ",Ramirez.Anthony@gmail.com,RamirezAnthony930,Non,Non
258,Producteur,Charles,Adams,1932-05-10,F,"7696 Rue de slc",Adams.Charles@gmail.com,AdamsCharles673,Non,Non
259,Acteur,Larry,Lee,1932-05-10,M,"3607 Rue de FDY",Lee.Larry@gmail.com,LeeLarry651,Oui,Non
260,Administrateur,George,Roberts,1975-05-10,F,"4987 Rue de 230",Roberts.George@gmail.com,RobertsGeorge531,Non,Non
261,Abonne,Jack,Williams,1972-05-10,F,"2121 Rue de Ih5",Williams.Jack@gmail.com,WilliamsJack276,Non,Non
262,Acteur,Andrew,Flores,1982-05-10,M,"1136 Rue de wAg",Flores.Andrew@gmail.com,FloresAndrew247,Non,Non
263,Acteur,Patrick,Lee,1974-05-10,F,"9606 Rue de 3Lv",Lee.Patrick@gmail.com,LeePatrick877,Oui,Non
264,Acteur,Kenneth,Campbell,1996-05-10,F,"783 Rue de ttO",Campbell.Kenneth@gmail.com,CampbellKenneth316,Non,Non
265,Acteur,Frank,Perez,1979-05-10,M,"7023 Rue de eqg",Perez.Frank@gmail.com,PerezFrank716,Oui,Non
266,Abonne,Charles,Smith,1992-05-10,M,"1241 Rue de MTY",Smith.Charles@gmail.com,SmithCharles887,Non,Non
267,Producteur,Jack,Lee,2000-05-10,F,"5012 Rue de OTT",Lee.Jack@gmail.com,LeeJack493,Non,Oui
268,Acteur,Ryan,White,1979-05-10,M,"2459 Rue de CHs",White.Ryan@gmail.com,WhiteRyan917,Non,Non
269,Administrateur,Larry,Smith,1930-05-10,M,"5664 Rue de 8mg",Smith.Larry@gmail.com,SmithLarry864,Non,Non
270,Abonne,Gary,White,1971-05-10,F,"5579 Rue de 1OO",White.Gary@gmail.com,WhiteGary289,Non,Non
271,Administrateur,Kenneth,Garcia,1961-05-10,M,"4019 Rue de 6FS",Garcia.Kenneth@gmail.com,GarciaKenneth57,Non,Non
272,Abonne,Dennis,Rivera,1940-05-10,M,"5110 Rue de voi",Rivera.Dennis@gmail.com,RiveraDennis957,Non,Non
273,Administrateur,Kevin,Jones,1950-05-10,F,"6857 Rue de iMR",Jones.Kevin@gmail.com,JonesKevin631,Non,Non
274,Acteur,Brandon,Clark,1930-05-10,M,"307 Rue de Mbr",Clark.Brandon@gmail.com,ClarkBrandon312,Non,Non
275,Producteur,Mark,Adams,1990-05-10,F,"5109 Rue de PYb",Adams.Mark@gmail.com,AdamsMark733,Non,Non
276,Acteur,Frank,Davis,1972-05-10,F,"7342 Rue de 0aH",Davis.Frank@gmail.com,DavisFrank690,Oui,Non
277,Abonne,Jacob,Roberts,1980-05-10,M,"5749 Rue de 53Q",Roberts.Jacob@gmail.com,RobertsJacob749,Non,Non
278,Producteur,Brandon,Allen,1952-05-10,F,"9076 Rue de Vfk",Allen.Brandon@gmail.com,AllenBrandon578,Non,Oui
279,Producteur,Tyler,Sanchez,1972-05-10,M,"6063 Rue de DKD",Sanchez.Tyler@gmail.com,SanchezTyler605,Non,Oui
280,Producteur,James,Perez,1960-05-10,F,"3856 Rue de ccf",Perez.James@gmail.com,PerezJames322,Non,Non
281,Administrateur,Andrew,Garcia,1993-05-10,M,"2528 Rue de Yul",Garcia.Andrew@gmail.com,GarciaAndrew946,Non,Non
282,Producteur,Robert,Sanchez,1943-05-10,F,"4277 Rue de 1aD",Sanchez.Robert@gmail.com,SanchezRobert348,Non,Non
283,Acteur,Kevin,Ramirez,1952-05-10,F,"901 Rue de IH8",Ramirez.Kevin@gmail.com,RamirezKevin308,Non,Non
284,Producteur,Jason,Thompson,1978-05-10,M,"7899 Rue de AVI",Thompson.Jason@gmail.com,ThompsonJason504,Non,Non
285,Acteur,Ryan,Johnson,1977-05-10,M,"1346 Rue de 5pA",Johnson.Ryan@gmail.com,JohnsonRyan405,Oui,Non
286,Acteur,Brandon,Clark,1935-05-10,M,"9785 Rue de FJu",Clark.Brandon@gmail.com,ClarkBrandon965,Non,Non
287,Producteur,Thomas,Jones,1994-05-10,F,"5716 Rue de BDe",Jones.Thomas@gmail.com,JonesThomas908,Non,Non
288,Administrateur,Stephen,Garcia,1984-05-10,F,"9837 Rue de bkU",Garcia.Stephen@gmail.com,GarciaStephen278,Non,Non
289,Producteur,Steven,Martin,1967-05-10,M,"7596 Rue de daZ",Martin.Steven@gmail.com,MartinSteven189,Non,Non
290,Abonne,Mark,Garcia,1963-05-10,M,"6338 Rue de YmF",Garcia.Mark@gmail.com,GarciaMark989,Non,Non
291,Acteur,Robert,Adams,1977-05-10,M,"854 Rue de hvw",Adams.Robert@gmail.com,AdamsRobert762,Oui,Non
292,Administrateur,John,Brown,1995-05-10,M,"8616 Rue de 5bv",Brown.John@gmail.com,BrownJohn641,Non,Non
293,Acteur,Joseph,Baker,1957-05-10,F,"6955 Rue de TLY",Baker.Joseph@gmail.com,BakerJoseph230,Non,Non
294,Acteur,Frank,Martin,1995-05-10,M,"6706 Rue de ryk",Martin.Frank@gmail.com,MartinFrank619,Oui,Non
295,Administrateur,Daniel,Wright,1989-05-10,M,"7051 Rue de sx9",Wright.Daniel@gmail.com,WrightDaniel812,Non,Non
296,Abonne,Brian,Nguyen,1975-05-10,F,"918 Rue de ElC",Nguyen.Brian@gmail.com,NguyenBrian715,Non,Non
297,Abonne,Kenneth,Thompson,1956-05-10,M,"4685 Rue de hoU",Thompson.Kenneth@gmail.com,ThompsonKenneth101,Non,Non
298,Administrateur,John,Taylor,1972-05-10,F,"9332 Rue de SXY",Taylor.John@gmail.com,TaylorJohn694,Non,Non
299,Acteur,Daniel,Baker,1946-05-10,F,"7060 Rue de jNU",Baker.Daniel@gmail.com,BakerDaniel838,Non,Non
300,Administrateur,Donald,Hill,1997-05-10,M,"8568 Rue de 7qz",Hill.Donald@gmail.com,HillDonald256,Non,Non
301,Producteur,Eric,Taylor,1980-05-10,M,"8827 Rue de rU4",Taylor.Eric@gmail.com,TaylorEric277,Non,Non
302,Acteur,Paul,Young,1934-05-10,M,"2075 Rue de 2Xu",Young.Paul@gmail.com,YoungPaul291,Oui,Non
303,Producteur,Anthony,Rivera,1937-05-10,F,"5291 Rue de koP",Rivera.Anthony@gmail.com,RiveraAnthony677,Non,Oui
304,Acteur,James,Anderson,1927-05-10,M,"3088 Rue de x7N",Anderson.James@gmail.com,AndersonJames334,Non,Non
305,Producteur,Donald,Lee,1994-05-10,M,"6759 Rue de sEH",Lee.Donald@gmail.com,LeeDonald251,Non,Oui
306,Acteur,Dennis,Young,1928-05-10,M,"8020 Rue de Iyt",Young.Dennis@gmail.com,YoungDennis369,Non,Non
307,Administrateur,Jacob,Rivera,1976-05-10,F,"4244 Rue de 9Pw",Rivera.Jacob@gmail.com,RiveraJacob832,Non,Non
308,Acteur,Andrew,Rivera,1979-05-10,F,"6515 Rue de Noq",Rivera.Andrew@gmail.com,RiveraAndrew597,Oui,Non
309,Acteur,Brian,Ramirez,1977-05-10,M,"775 Rue de ekJ",Ramirez.Brian@gmail.com,RamirezBrian406,Oui,Non
310,Acteur,Dennis,Adams,1956-05-10,F,"529 Rue de 3va",Adams.Dennis@gmail.com,AdamsDennis995,Oui,Non
311,Administrateur,Tyler,Johnson,1941-05-10,M,"8730 Rue de jlB",Johnson.Tyler@gmail.com,JohnsonTyler684,Non,Non
312,Administrateur,Jack,Robinson,1972-05-10,M,"7230 Rue de a0n",Robinson.Jack@gmail.com,RobinsonJack541,Non,Non
313,Producteur,Jerry,Hall,1993-05-10,M,"8200 Rue de Sfu",Hall.Jerry@gmail.com,HallJerry373,Non,Non
314,Producteur,James,Clark,1950-05-10,M,"4519 Rue de uqv",Clark.James@gmail.com,ClarkJames977,Non,Oui
315,Acteur,Kevin,Wilson,1992-05-10,F,"5895 Rue de eM0",Wilson.Kevin@gmail.com,WilsonKevin408,Non,Non
316,Administrateur,Jacob,Green,1956-05-10,F,"7405 Rue de hzR",Green.Jacob@gmail.com,GreenJacob245,Non,Non
317,Acteur,Brian,Nelson,2006-05-10,F,"6447 Rue de AnX",Nelson.Brian@gmail.com,NelsonBrian347,Non,Non
318,Acteur,William,Scott,1986-05-10,M,"3841 Rue de M9d",Scott.William@gmail.com,ScottWilliam299,Non,Non
319,Administrateur,Eric,King,1950-05-10,M,"1641 Rue de BTu",King.Eric@gmail.com,KingEric428,Non,Non
320,Administrateur,John,Jackson,1970-05-10,M,"6991 Rue de ClK",Jackson.John@gmail.com,JacksonJohn378,Non,Non
321,Abonne,Tyler,Nguyen,1967-05-10,M,"6868 Rue de iMT",Nguyen.Tyler@gmail.com,NguyenTyler756,Non,Non
322,Acteur,Joseph,Hill,1930-05-10,M,"5875 Rue de PJZ",Hill.Joseph@gmail.com,HillJoseph442,Non,Non
323,Administrateur,Steven,Thomas,1971-05-10,F,"1523 Rue de e1i",Thomas.Steven@gmail.com,ThomasSteven96,Non,Non
324,Acteur,Ronald,Johnson,1948-05-10,M,"207 Rue de 8Yk",Johnson.Ronald@gmail.com,JohnsonRonald358,Oui,Non
325,Acteur,Joseph,Harris,1965-05-10,M,"7772 Rue de ffj",Harris.Joseph@gmail.com,HarrisJoseph555,Non,Non
326,Producteur,Edward,Wilson,1992-05-10,F,"9596 Rue de QHQ",Wilson.Edward@gmail.com,WilsonEdward753,Non,Non
327,Acteur,Jack,Jones,1992-05-10,F,"1309 Rue de BYS",Jones.Jack@gmail.com,JonesJack183,Non,Non
328,Acteur,Kevin,Roberts,1993-05-10,M,"4805 Rue de nNH",Roberts.Kevin@gmail.com,RobertsKevin784,Oui,Non
329,Acteur,Joseph,Gonzalez,1997-05-10,F,"7407 Rue de pdG",Gonzalez.Joseph@gmail.com,GonzalezJoseph425,Non,Non
330,Administrateur,Patrick,Hall,1983-05-10,M,"791 Rue de o40",Hall.Patrick@gmail.com,HallPatrick545,Non,Non
331,Acteur,Kevin,Davis,1962-05-10,F,"1741 Rue de 7sK",Davis.Kevin@gmail.com,DavisKevin49,Oui,Non
332,Acteur,Eric,Gonzalez,1930-05-10,M,"1082 Rue de vy6",Gonzalez.Eric@gmail.com,GonzalezEric548,Oui,Non
333,Acteur,Anthony,Moore,1988-05-10,F,"1445 Rue de ZQ7",Moore.Anthony@gmail.com,MooreAnthony708,Non,Non
334,Producteur,Robert,Jackson,1988-05-10,F,"6941 Rue de 0ik",Jackson.Robert@gmail.com,JacksonRobert407,Non,Non
335,Producteur,Gary,Smith,1948-05-10,F,"5030 Rue de 3as",Smith.Gary@gmail.com,SmithGary516,Non,Non
336,Acteur,Robert,Hall,1973-05-10,M,"8791 Rue de h7C",Hall.Robert@gmail.com,HallRobert415,Oui,Non
337,Acteur,Dennis,Garcia,1976-05-10,F,"6258 Rue de CzO",Garcia.Dennis@gmail.com,GarciaDennis32,Non,Non
338,Administrateur,Robert,Lewis,1954-05-10,F,"9584 Rue de 0vm",Lewis.Robert@gmail.com,LewisRobert945,Non,Non
339,Producteur,Timothy,Miller,1950-05-10,M,"6079 Rue de Kj9",Miller.Timothy@gmail.com,MillerTimothy460,Non,Non
340,Abonne,Justin,Flores,1933-05-10,M,"9084 Rue de i8A",Flores.Justin@gmail.com,FloresJustin231,Non,Non
341,Administrateur,Ryan,Robinson,1932-05-10,M,"784 Rue de 2jj",Robinson.Ryan@gmail.com,RobinsonRyan293,Non,Non
342,Abonne,Anthony,Scott,1990-05-10,F,"350 Rue de xY6",Scott.Anthony@gmail.com,ScottAnthony243,Non,Non
343,Acteur,Matthew,Scott,1976-05-10,F,"7185 Rue de Pnc",Scott.Matthew@gmail.com,ScottMatthew596,Oui,Non
344,Administrateur,William,Gonzalez,1962-05-10,F,"667 Rue de Qne",Gonzalez.William@gmail.com,GonzalezWilliam660,Non,Non
345,Producteur,Edward,Miller,1979-05-10,F,"5228 Rue de 2Xy",Miller.Edward@gmail.com,MillerEdward542,Non,Non
346,Abonne,Jeffrey,Moore,1964-05-10,F,"3653 Rue de djK",Moore.Jeffrey@gmail.com,MooreJeffrey514,Non,Non
347,Abonne,Anthony,Lee,1958-05-10,M,"9866 Rue de 0pV",Lee.Anthony@gmail.com,LeeAnthony22,Non,Non
348,Abonne,Dennis,Martin,1990-05-10,F,"8453 Rue de Hmv",Martin.Dennis@gmail.com,MartinDennis117,Non,Non
349,Acteur,William,Brown,1968-05-10,M,"5191 Rue de bIS",Brown.William@gmail.com,BrownWilliam884,Oui,Non
350,Abonne,Patrick,Taylor,1935-05-10,M,"7026 Rue de fuw",Taylor.Patrick@gmail.com,TaylorPatrick862,Non,Non
351,Administrateur,Brandon,Carter,2002-05-10,M,"2015 Rue de Kv8",Carter.Brandon@gmail.com,CarterBrandon810,Non,Non
352,Producteur,Kenneth,Hill,1980-05-10,M,"7819 Rue de 00T",Hill.Kenneth@gmail.com,HillKenneth118,Non,Non
353,Producteur,Mark,Johnson,1983-05-10,M,"3156 Rue de CxG",Johnson.Mark@gmail.com,JohnsonMark463,Non,Non
354,Producteur,Joshua,Clark,1957-05-10,F,"6559 Rue de k0U",Clark.Joshua@gmail.com,ClarkJoshua192,Non,Non
355,Acteur,Joseph,Allen,1959-05-10,M,"747 Rue de qgS",Allen.Joseph@gmail.com,AllenJoseph302,Non,Non
356,Acteur,Donald,Carter,1953-05-10,M,"1957 Rue de 0Q1",Carter.Donald@gmail.com,CarterDonald255,Non,Non
357,Producteur,Frank,Thomas,1952-05-10,M,"8452 Rue de g8H",Thomas.Frank@gmail.com,ThomasFrank793,Non,Non
358,Abonne,Dennis,Johnson,1989-05-10,F,"2910 Rue de QK0",Johnson.Dennis@gmail.com,JohnsonDennis498,Non,Non
359,Acteur,Kenneth,Young,1996-05-10,F,"3019 Rue de RL4",Young.Kenneth@gmail.com,YoungKenneth729,Non,Non
360,Acteur,David,Rivera,1956-05-10,F,"4133 Rue de eiE",Rivera.David@gmail.com,RiveraDavid14,Non,Non
361,Producteur,Larry,Allen,1956-05-10,M,"4480 Rue de 01Y",Allen.Larry@gmail.com,AllenLarry442,Non,Oui
362,Administrateur,William,King,1982-05-10,F,"5268 Rue de InA",King.William@gmail.com,KingWilliam477,Non,Non
363,Acteur,Jacob,Young,1937-05-10,M,"1647 Rue de Uqf",Young.Jacob@gmail.com,YoungJacob635,Non,Non
364,Abonne,William,Thompson,1999-05-10,M,"416 Rue de b7V",Thompson.William@gmail.com,ThompsonWilliam931,Non,Non
365,Acteur,Frank,Thomas,1930-05-10,F,"5099 Rue de 5fN",Thomas.Frank@gmail.com,ThomasFrank964,Non,Non
366,Acteur,Mark,Lee,1933-05-10,M,"6194 Rue de PGK",Lee.Mark@gmail.com,LeeMark348,Oui,Non
367,Producteur,Ronald,Wright,1987-05-10,F,"4940 Rue de HnC",Wright.Ronald@gmail.com,WrightRonald668,Non,Oui
368,Acteur,Daniel,Scott,1931-05-10,F,"4986 Rue de 4bz",Scott.Daniel@gmail.com,ScottDaniel984,Oui,Non
369,Producteur,Kenneth,Lewis,1940-05-10,M,"3115 Rue de ez1",Lewis.Kenneth@gmail.com,LewisKenneth45,Non,Oui
370,Abonne,Patrick,Roberts,1941-05-10,M,"820 Rue de fmR",Roberts.Patrick@gmail.com,RobertsPatrick945,Non,Non
371,Acteur,Andrew,Mitchell,2004-05-10,M,"415 Rue de 6I9",Mitchell.Andrew@gmail.com,MitchellAndrew295,Oui,Non
372,Abonne,Jonathan,Wright,1960-05-10,M,"62 Rue de JZD",Wright.Jonathan@gmail.com,WrightJonathan871,Non,Non
373,Administrateur,Steven,King,1956-05-10,M,"3797 Rue de GG9",King.Steven@gmail.com,KingSteven403,Non,Non
374,Abonne,Raymond,Smith,1945-05-10,F,"7398 Rue de 1ic",Smith.Raymond@gmail.com,SmithRaymond819,Non,Non
375,Producteur,Patrick,White,1945-05-10,M,"8737 Rue de eTA",White.Patrick@gmail.com,WhitePatrick981,Non,Non
376,Acteur,Nicholas,Torres,1950-05-10,F,"8472 Rue de CUz",Torres.Nicholas@gmail.com,TorresNicholas755,Oui,Non
377,Producteur,Paul,Hall,1968-05-10,F,"8808 Rue de YzM",Hall.Paul@gmail.com,HallPaul892,Non,Non
378,Acteur,John,Flores,1971-05-10,F,"5995 Rue de Nye",Flores.John@gmail.com,FloresJohn169,Non,Non
379,Acteur,John,Torres,1932-05-10,F,"5722 Rue de oDO",Torres.John@gmail.com,TorresJohn867,Non,Non
380,Acteur,Kenneth,Baker,1967-05-10,M,"4442 Rue de O6W",Baker.Kenneth@gmail.com,BakerKenneth27,Non,Non
381,Producteur,Gary,Sanchez,1993-05-10,M,"1347 Rue de sdx",Sanchez.Gary@gmail.com,SanchezGary766,Non,Non
382,Administrateur,Larry,Robinson,1944-05-10,F,"7092 Rue de hB3",Robinson.Larry@gmail.com,RobinsonLarry148,Non,Non
383,Acteur,Joseph,Wilson,1981-05-10,M,"1665 Rue de Uri",Wilson.Joseph@gmail.com,WilsonJoseph848,Non,Non
384,Acteur,Jason,Miller,1964-05-10,M,"4447 Rue de nS8",Miller.Jason@gmail.com,MillerJason697,Oui,Non
385,Acteur,Benjamin,Hernandez,1980-05-10,M,"803 Rue de vFC",Hernandez.Benjamin@gmail.com,HernandezBenjamin794,Non,Non
386,Administrateur,Raymond,Green,1976-05-10,M,"8628 Rue de s4P",Green.Raymond@gmail.com,GreenRaymond602,Non,Non
387,Abonne,Joshua,Mitchell,1940-05-10,F,"8103 Rue de e7I",Mitchell.Joshua@gmail.com,MitchellJoshua890,Non,Non
388,Acteur,Frank,Lee,1935-05-10,M,"7179 Rue de UJN",Lee.Frank@gmail.com,LeeFrank465,Non,Non
389,Acteur,Jonathan,Clark,1954-05-10,F,"9361 Rue de u1v",Clark.Jonathan@gmail.com,ClarkJonathan119,Oui,Non
390,Producteur,John,Nelson,1927-05-10,F,"1909 Rue de BP9",Nelson.John@gmail.com,NelsonJohn963,Non,Non
391,Acteur,Jeffrey,Walker,1934-05-10,M,"3649 Rue de VUB",Walker.Jeffrey@gmail.com,WalkerJeffrey965,Non,Non
392,Acteur,Larry,Martinez,1988-05-10,M,"6185 Rue de 3My",Martinez.Larry@gmail.com,MartinezLarry129,Oui,Non
393,Abonne,Jonathan,Scott,1977-05-10,F,"7690 Rue de FpT",Scott.Jonathan@gmail.com,ScottJonathan926,Non,Non
394,Acteur,Dennis,Mitchell,1969-05-10,F,"7817 Rue de 9Op",Mitchell.Dennis@gmail.com,MitchellDennis293,Oui,Non
395,Producteur,Patrick,Green,1960-05-10,F,"1226 Rue de 2dK",Green.Patrick@gmail.com,GreenPatrick817,Non,Oui
396,Administrateur,George,Johnson,1935-05-10,F,"542 Rue de A6C",Johnson.George@gmail.com,JohnsonGeorge490,Non,Non
397,Producteur,Anthony,Robinson,1935-05-10,M,"4634 Rue de NXe",Robinson.Anthony@gmail.com,RobinsonAnthony974,Non,Non
398,Administrateur,Larry,Ramirez,1991-05-10,M,"5432 Rue de cL2",Ramirez.Larry@gmail.com,RamirezLarry560,Non,Non
399,Producteur,Frank,Davis,1987-05-10,F,"9598 Rue de J9o",Davis.Frank@gmail.com,DavisFrank223,Non,Oui
400,Abonne,Andrew,Adams,1987-05-10,M,"2384 Rue de Lv3",Adams.Andrew@gmail.com,AdamsAndrew403,Non,Non
401,Administrateur,Gary,Jones,1985-05-10,F,"1887 Rue de 7mj",Jones.Gary@gmail.com,JonesGary126,Non,Non
402,Acteur,Brian,White,1963-05-10,F,"8326 Rue de E8z",White.Brian@gmail.com,WhiteBrian86,Oui,Non
403,Acteur,Kenneth,Perez,1991-05-10,M,"5237 Rue de wqm",Perez.Kenneth@gmail.com,PerezKenneth231,Non,Non
404,Acteur,Stephen,Sanchez,1978-05-10,F,"6545 Rue de Bp4",Sanchez.Stephen@gmail.com,SanchezStephen790,Oui,Non
405,Acteur,Steven,King,1965-05-10,M,"6408 Rue de 3Ig",King.Steven@gmail.com,KingSteven830,Oui,Non
406,Abonne,Ronald,Wilson,1949-05-10,F,"530 Rue de UIJ",Wilson.Ronald@gmail.com,WilsonRonald198,Non,Non
407,Administrateur,Samuel,Hernandez,1995-05-10,M,"5325 Rue de DVB",Hernandez.Samuel@gmail.com,HernandezSamuel892,Non,Non
408,Acteur,Kevin,Wilson,1962-05-10,M,"8974 Rue de HaA",Wilson.Kevin@gmail.com,WilsonKevin136,Oui,Non
409,Producteur,Timothy,Wright,1930-05-10,F,"8636 Rue de DZQ",Wright.Timothy@gmail.com,WrightTimothy911,Non,Non
410,Producteur,Benjamin,Hernandez,1978-05-10,M,"634 Rue de Naf",Hernandez.Benjamin@gmail.com,HernandezBenjamin437,Non,Non
411,Administrateur,Robert,Robinson,1980-05-10,M,"2823 Rue de Oya",Robinson.Robert@gmail.com,RobinsonRobert839,Non,Non
412,Acteur,Jonathan,Carter,1933-05-10,F,"7474 Rue de b3w",Carter.Jonathan@gmail.com,CarterJonathan184,Non,Non
413,Producteur,Joshua,Lee,1999-05-10,F,"4803 Rue de Tqg",Lee.Joshua@gmail.com,LeeJoshua749,Non,Oui
414,Abonne,Jason,Young,1968-05-10,M,"9091 Rue de T8N",Young.Jason@gmail.com,YoungJason246,Non,Non
415,Producteur,Ryan,Green,1987-05-10,M,"2822 Rue de Xkz",Green.Ryan@gmail.com,GreenRyan579,Non,Non
416,Administrateur,Richard,Sanchez,1994-05-10,M,"5894 Rue de 4Wk",Sanchez.Richard@gmail.com,SanchezRichard536,Non,Non
417,Administrateur,Raymond,Martinez,1994-05-10,M,"6627 Rue de bkU",Martinez.Raymond@gmail.com,MartinezRaymond277,Non,Non
418,Administrateur,George,Rivera,1969-05-10,F,"808 Rue de tsJ",Rivera.George@gmail.com,RiveraGeorge965,Non,Non
419,Acteur,Ronald,Jones,1992-05-10,M,"6264 Rue de brt",Jones.Ronald@gmail.com,JonesRonald703,Non,Non
420,Producteur,Joseph,Young,1933-05-10,M,"6688 Rue de 3DR",Young.Joseph@gmail.com,YoungJoseph64,Non,Oui
421,Acteur,Patrick,Lee,1973-05-10,F,"6630 Rue de wZf",Lee.Patrick@gmail.com,LeePatrick914,Non,Non
422,Abonne,Scott,Ramirez,1997-05-10,M,"7193 Rue de vK4",Ramirez.Scott@gmail.com,RamirezScott808,Non,Non
423,Producteur,Richard,Harris,1964-05-10,F,"9516 Rue de nqM",Harris.Richard@gmail.com,HarrisRichard349,Non,Oui
424,Acteur,Robert,Young,1996-05-10,F,"1169 Rue de De3",Young.Robert@gmail.com,YoungRobert240,Oui,Non
425,Acteur,Matthew,Lee,1968-05-10,M,"7267 Rue de uCv",Lee.Matthew@gmail.com,LeeMatthew316,Non,Non
426,Producteur,Jack,Lewis,1931-05-10,M,"3251 Rue de 6RS",Lewis.Jack@gmail.com,LewisJack495,Non,Non
427,Administrateur,Gary,Moore,1981-05-10,M,"3527 Rue de JZy",Moore.Gary@gmail.com,MooreGary468,Non,Non
428,Producteur,Gary,Gonzalez,1950-05-10,F,"8206 Rue de ioU",Gonzalez.Gary@gmail.com,GonzalezGary18,Non,Non
429,Acteur,George,Allen,1953-05-10,M,"952 Rue de zUE",Allen.George@gmail.com,AllenGeorge268,Oui,Non
430,Acteur,Ryan,Perez,1970-05-10,M,"908 Rue de KOG",Perez.Ryan@gmail.com,PerezRyan676,Non,Non
431,Acteur,Stephen,Jackson,1933-05-10,F,"2430 Rue de zvF",Jackson.Stephen@gmail.com,JacksonStephen467,Non,Non
432,Abonne,Jeffrey,Baker,2002-05-10,M,"8764 Rue de jin",Baker.Jeffrey@gmail.com,BakerJeffrey705,Non,Non
433,Administrateur,Joshua,Jackson,1953-05-10,M,"3523 Rue de IQW",Jackson.Joshua@gmail.com,JacksonJoshua883,Non,Non
434,Producteur,Tyler,Martin,1975-05-10,F,"4150 Rue de tvU",Martin.Tyler@gmail.com,MartinTyler741,Non,Oui
435,Administrateur,Matthew,Mitchell,2006-05-10,F,"7669 Rue de IDU",Mitchell.Matthew@gmail.com,MitchellMatthew270,Non,Non
436,Acteur,Scott,Moore,1954-05-10,F,"4733 Rue de Rfw",Moore.Scott@gmail.com,MooreScott535,Non,Non
437,Producteur,Jacob,Thompson,1930-05-10,F,"9807 Rue de afy",Thompson.Jacob@gmail.com,ThompsonJacob711,Non,Oui
438,Producteur,Mark,Lopez,1959-05-10,F,"851 Rue de EoN",Lopez.Mark@gmail.com,LopezMark541,Non,Oui
439,Acteur,Mark,Rodriguez,1972-05-10,F,"2707 Rue de YnQ",Rodriguez.Mark@gmail.com,RodriguezMark752,Oui,Non
440,Producteur,Timothy,Thompson,1937-05-10,F,"1172 Rue de 7Bw",Thompson.Timothy@gmail.com,ThompsonTimothy469,Non,Oui
441,Administrateur,Paul,Adams,1947-05-10,M,"3542 Rue de z8P",Adams.Paul@gmail.com,AdamsPaul434,Non,Non
442,Administrateur,Edward,Mitchell,1994-05-10,M,"7607 Rue de PfA",Mitchell.Edward@gmail.com,MitchellEdward857,Non,Non
443,Producteur,Jerry,Gonzalez,1966-05-10,M,"4223 Rue de HDR",Gonzalez.Jerry@gmail.com,GonzalezJerry96,Non,Non
444,Acteur,Scott,Anderson,1997-05-10,M,"5858 Rue de Vgo",Anderson.Scott@gmail.com,AndersonScott830,Oui,Non
445,Administrateur,Tyler,Nguyen,1981-05-10,M,"5164 Rue de g7G",Nguyen.Tyler@gmail.com,NguyenTyler735,Non,Non
446,Producteur,David,Hall,1966-05-10,M,"9017 Rue de OK9",Hall.David@gmail.com,HallDavid195,Non,Oui
447,Acteur,Michael,Scott,1963-05-10,M,"6389 Rue de ZnJ",Scott.Michael@gmail.com,ScottMichael243,Non,Non
448,Abonne,Jerry,Campbell,1958-05-10,F,"9889 Rue de Px4",Campbell.Jerry@gmail.com,CampbellJerry402,Non,Non
449,Acteur,Jack,White,2003-05-10,F,"2444 Rue de mqS",White.Jack@gmail.com,WhiteJack784,Oui,Non
450,Acteur,Gregory,Flores,1972-05-10,F,"4937 Rue de XEe",Flores.Gregory@gmail.com,FloresGregory886,Oui,Non
451,Acteur,Paul,Walker,1995-05-10,F,"8647 Rue de vkV",Walker.Paul@gmail.com,WalkerPaul333,Non,Non
452,Acteur,Dennis,Nelson,1950-05-10,M,"1949 Rue de lvj",Nelson.Dennis@gmail.com,NelsonDennis743,Non,Non
453,Administrateur,Joshua,Scott,1932-05-10,F,"1433 Rue de 7v2",Scott.Joshua@gmail.com,ScottJoshua369,Non,Non
454,Abonne,Michael,Jones,1975-05-10,M,"3430 Rue de y4z",Jones.Michael@gmail.com,JonesMichael335,Non,Non
455,Abonne,Gregory,Adams,2003-05-10,M,"6055 Rue de JdH",Adams.Gregory@gmail.com,AdamsGregory571,Non,Non
456,Administrateur,Thomas,Nguyen,1931-05-10,M,"6950 Rue de IPQ",Nguyen.Thomas@gmail.com,NguyenThomas432,Non,Non
457,Producteur,Eric,Rivera,1965-05-10,F,"2314 Rue de 2R0",Rivera.Eric@gmail.com,RiveraEric178,Non,Oui
458,Producteur,Donald,Johnson,1999-05-10,F,"7208 Rue de L1E",Johnson.Donald@gmail.com,JohnsonDonald853,Non,Non
459,Producteur,Jacob,Hill,1966-05-10,F,"5762 Rue de zvE",Hill.Jacob@gmail.com,HillJacob423,Non,Oui
460,Producteur,Richard,Hill,1962-05-10,M,"5190 Rue de r0z",Hill.Richard@gmail.com,HillRichard524,Non,Oui
461,Abonne,Jeffrey,Brown,1982-05-10,M,"1060 Rue de 5tW",Brown.Jeffrey@gmail.com,BrownJeffrey1,Non,Non
462,Administrateur,Jeffrey,Smith,1937-05-10,F,"963 Rue de 1cM",Smith.Jeffrey@gmail.com,SmithJeffrey980,Non,Non
463,Administrateur,Jeffrey,Johnson,2004-05-10,M,"9094 Rue de 7bs",Johnson.Jeffrey@gmail.com,JohnsonJeffrey421,Non,Non
464,Acteur,Brian,Johnson,1938-05-10,F,"727 Rue de JMy",Johnson.Brian@gmail.com,JohnsonBrian121,Non,Non
465,Producteur,Edward,Lopez,1990-05-10,M,"7431 Rue de srD",Lopez.Edward@gmail.com,LopezEdward561,Non,Oui
466,Producteur,Jeffrey,Rodriguez,1946-05-10,M,"3008 Rue de I0M",Rodriguez.Jeffrey@gmail.com,RodriguezJeffrey506,Non,Oui
467,Producteur,Ryan,Thomas,1992-05-10,F,"1507 Rue de 6rH",Thomas.Ryan@gmail.com,ThomasRyan855,Non,Oui
468,Administrateur,Daniel,Smith,1994-05-10,M,"785 Rue de eiC",Smith.Daniel@gmail.com,SmithDaniel907,Non,Non
469,Producteur,Dennis,Moore,1947-05-10,M,"8832 Rue de Tc8",Moore.Dennis@gmail.com,MooreDennis783,Non,Oui
470,Acteur,Jason,Anderson,1957-05-10,F,"4311 Rue de KNC",Anderson.Jason@gmail.com,AndersonJason354,Non,Non
471,Abonne,Matthew,Allen,1999-05-10,M,"9746 Rue de SPl",Allen.Matthew@gmail.com,AllenMatthew907,Non,Non
472,Acteur,Tyler,Brown,1945-05-10,F,"1632 Rue de Un2",Brown.Tyler@gmail.com,BrownTyler725,Non,Non
473,Acteur,Matthew,Flores,1979-05-10,F,"6561 Rue de OuR",Flores.Matthew@gmail.com,FloresMatthew511,Oui,Non
474,Acteur,Dennis,Ramirez,1951-05-10,M,"3043 Rue de QFD",Ramirez.Dennis@gmail.com,RamirezDennis837,Non,Non
475,Producteur,Gregory,Garcia,1934-05-10,M,"7970 Rue de eaV",Garcia.Gregory@gmail.com,GarciaGregory834,Non,Non
476,Abonne,Ronald,Lewis,1968-05-10,F,"831 Rue de spv",Lewis.Ronald@gmail.com,LewisRonald965,Non,Non
477,Producteur,Eric,Miller,1992-05-10,M,"9806 Rue de Kaq",Miller.Eric@gmail.com,MillerEric308,Non,Oui
478,Abonne,Jeffrey,Martinez,1947-05-10,F,"4996 Rue de qYp",Martinez.Jeffrey@gmail.com,MartinezJeffrey863,Non,Non
479,Acteur,Thomas,Sanchez,1959-05-10,F,"5722 Rue de 0Hi",Sanchez.Thomas@gmail.com,SanchezThomas68,Oui,Non
480,Acteur,David,Davis,1944-05-10,M,"923 Rue de 9RF",Davis.David@gmail.com,DavisDavid457,Non,Non
481,Acteur,Kevin,Garcia,1928-05-10,M,"3177 Rue de nkm",Garcia.Kevin@gmail.com,GarciaKevin457,Non,Non
482,Acteur,Gary,Scott,1942-05-10,F,"9058 Rue de 6am",Scott.Gary@gmail.com,ScottGary964,Oui,Non
483,Acteur,Tyler,Nelson,1976-05-10,F,"3563 Rue de eso",Nelson.Tyler@gmail.com,NelsonTyler328,Non,Non
484,Acteur,Steven,Walker,2002-05-10,F,"2681 Rue de rNt",Walker.Steven@gmail.com,WalkerSteven651,Non,Non
485,Administrateur,Thomas,Baker,1979-05-10,M,"6681 Rue de 5Mu",Baker.Thomas@gmail.com,BakerThomas815,Non,Non
486,Acteur,Stephen,Adams,1954-05-10,M,"8281 Rue de dWU",Adams.Stephen@gmail.com,AdamsStephen408,Oui,Non
487,Producteur,Jonathan,Jackson,1977-05-10,F,"1951 Rue de yxR",Jackson.Jonathan@gmail.com,JacksonJonathan391,Non,Non
488,Acteur,Charles,Martin,1993-05-10,M,"6073 Rue de 8ey",Martin.Charles@gmail.com,MartinCharles797,Oui,Non
489,Administrateur,Jacob,Martin,2002-05-10,M,"9897 Rue de 1t9",Martin.Jacob@gmail.com,MartinJacob13,Non,Non
490,Abonne,Larry,Davis,1962-05-10,F,"932 Rue de nYB",Davis.Larry@gmail.com,DavisLarry724,Non,Non
491,Abonne,Jerry,Anderson,1930-05-10,M,"9504 Rue de PCu",Anderson.Jerry@gmail.com,AndersonJerry237,Non,Non
492,Producteur,Jason,Brown,1952-05-10,F,"5675 Rue de rQJ",Brown.Jason@gmail.com,BrownJason829,Non,Non
493,Administrateur,Frank,Perez,1974-05-10,M,"276 Rue de 94K",Perez.Frank@gmail.com,PerezFrank178,Non,Non
494,Acteur,John,Scott,1957-05-10,M,"738 Rue de mXy",Scott.John@gmail.com,ScottJohn539,Non,Non
495,Abonne,Brian,Adams,1995-05-10,F,"6377 Rue de v1n",Adams.Brian@gmail.com,AdamsBrian522,Non,Non
496,Abonne,John,Hernandez,1990-05-10,F,"5717 Rue de 67a",Hernandez.John@gmail.com,HernandezJohn155,Non,Non
497,Acteur,Timothy,Roberts,1974-05-10,F,"3779 Rue de iIv",Roberts.Timothy@gmail.com,RobertsTimothy90,Oui,Non
498,Acteur,John,Lopez,1928-05-10,F,"1560 Rue de 4hZ",Lopez.John@gmail.com,LopezJohn826,Non,Non
499,Administrateur,Ronald,Gonzalez,1991-05-10,M,"8130 Rue de NTT",Gonzalez.Ronald@gmail.com,GonzalezRonald477,Non,Non
500,Administrateur,Larry,Brown,1965-05-10,F,"6525 Rue de TSy",Brown.Larry@gmail.com,BrownLarry840,Non,Non
